ortalama_hasta_bekleme_dk,hekim_atil_sure_dk,hekim_mesai_asimi_dk,gorulen_hasta_sayisi,gun,politika
2.7211891832821102,15,16.128333910146466,19,0,statik
2.7211891832821102,0,16.128333910146466,19,0,hibrit
58.56713852899449,30,121.02490797145134,18,1,statik
58.56713852899449,0,121.02490797145134,18,1,hibrit
0.19580487223941878,60,0.0,16,2,statik
0.19580487223941878,0,0.0,16,2,hibrit
13.394968635205219,15,1.7714188127931152,19,3,statik
12.813791144084615,0,7.511561602481606,20,3,hibrit
28.57488909388589,15,26.729478167995183,19,4,statik
28.57488909388589,0,26.729478167995183,19,4,hibrit
4.504663298329118,0,23.830809806269144,20,5,statik
6.514379292174272,0,35.729611402496516,21,5,hibrit
0.40397022859585174,60,17.378963995380218,16,6,statik
0.40397022859585174,0,17.378963995380218,16,6,hibrit
3.60198850231802,75,0.0,15,7,statik
6.013023567419303,0,0.0,17,7,hibrit
10.621795179703994,45,0.0,17,8,statik
10.621795179703994,0,0.0,17,8,hibrit
5.024032263101452,45,47.131462330727686,17,9,statik
8.50720549120151,0,44.48766348764286,18,9,hibrit
3.3059601181313325,0,0.5148987180872382,20,10,statik
3.3059601181313325,0,0.5148987180872382,20,10,hibrit
5.171025770130004,30,12.222225131638709,18,11,statik
5.9317347718842965,0,0.0,20,11,hibrit
34.20420987641135,15,26.26687840546731,19,12,statik
34.20420987641135,0,26.26687840546731,19,12,hibrit
4.568286182404769,45,0.0,17,13,statik
4.568286182404769,0,0.0,17,13,hibrit
14.034482241101138,30,5.459929809863752,18,14,statik
14.034482241101138,0,5.459929809863752,18,14,hibrit
17.27538627253793,15,0.0,19,15,statik
17.27538627253793,0,0.0,19,15,hibrit
2.9693712518184765,0,1.631776159438516,20,16,statik
2.9693712518184765,0,1.631776159438516,20,16,hibrit
0.6673748882081625,45,4.106180243602694,17,17,statik
2.718441224640213,0,0.0,18,17,hibrit
3.6179576430703233,15,6.972200048425066,19,18,statik
3.785669763338062,0,0.0,20,18,hibrit
16.616801898670108,30,0.0,18,19,statik
18.521879934666163,0,0.0,19,19,hibrit
17.631582266542043,15,0.0,19,20,statik
17.631582266542043,0,0.0,19,20,hibrit
53.853621299091756,30,77.26017756234836,18,21,statik
67.45396636557895,0,80.26017756234836,19,21,hibrit
4.01496959876818,15,0.0,19,22,statik
4.01496959876818,0,0.0,19,22,hibrit
0.5375034030733048,75,0.0,15,23,statik
0.5795944770772241,0,0.0,16,23,hibrit
10.337184256178746,30,0.0,18,24,statik
10.337184256178746,0,0.0,18,24,hibrit
9.665619842514102,30,0.0,18,25,statik
9.665619842514102,0,0.0,18,25,hibrit
3.9809114587743135,45,0.0,17,26,statik
3.9809114587743135,0,0.0,17,26,hibrit
21.20203335444795,15,0.0,19,27,statik
24.666472706379277,0,0.0,21,27,hibrit
38.37091483626645,30,104.13555321386292,18,28,statik
38.37091483626645,0,104.13555321386292,18,28,hibrit
1.7975814729412298,15,0.0,19,29,statik
1.7975814729412298,0,0.0,19,29,hibrit
0.2886936336745786,30,37.61032228791521,18,30,statik
0.2886936336745786,0,37.61032228791521,18,30,hibrit
9.490691378372688,45,33.50946123302447,17,31,statik
9.490691378372688,0,33.50946123302447,17,31,hibrit
26.7263048667866,45,84.24719657438698,17,32,statik
26.7263048667866,0,84.24719657438698,17,32,hibrit
9.25701054214778,30,25.80969524487142,18,33,statik
10.952087301128316,0,13.80969524487142,19,33,hibrit
4.568712081205213,15,17.781280469029866,19,34,statik
4.568712081205213,0,17.781280469029866,19,34,hibrit
3.199706419215548,0,0.0,20,35,statik
3.199706419215548,0,0.0,20,35,hibrit
3.944305265606227,0,0.0,20,36,statik
3.7564812053392638,0,0.0,21,36,hibrit
11.998069395292395,15,0.0,19,37,statik
11.998069395292395,0,0.0,19,37,hibrit
27.205349997760656,15,0.0,19,38,statik
27.205349997760656,0,0.0,19,38,hibrit
7.873742650187584,45,0.0,17,39,statik
7.873742650187584,0,0.0,17,39,hibrit
11.780325626697904,30,0.0,18,40,statik
11.780325626697904,0,0.0,18,40,hibrit
17.095155405104055,30,0.0,18,41,statik
20.882850562153035,0,21.75887678908805,21,41,hibrit
0.9816523696910484,45,0.0,17,42,statik
1.0672180922349432,0,0.0,19,42,hibrit
1.6034990881254545,30,0.6505073354293245,18,43,statik
1.5533416274572371,0,0.0,19,43,hibrit
9.615486851321878,30,6.098843967584969,18,44,statik
11.591239232166963,0,0.0,19,44,hibrit
4.780837953662407,45,0.0,17,45,statik
5.594610325996174,0,0.0,19,45,hibrit
11.579450973962635,60,0.0,16,46,statik
13.17949141603833,0,0.0,17,46,hibrit
4.279618801600061,30,15.590535130817727,18,47,statik
4.279618801600061,0,15.590535130817727,18,47,hibrit
0.432045508762305,30,0.0,18,48,statik
0.432045508762305,0,0.0,18,48,hibrit
2.685977864468486,0,0.0,20,49,statik
3.925958602435822,0,0.0,21,49,hibrit
11.921155499083612,30,0.0,18,50,statik
11.921155499083612,0,0.0,18,50,hibrit
12.99829146143831,0,0.0,20,51,statik
12.99829146143831,0,0.0,20,51,hibrit
18.90751398629729,15,0.0,19,52,statik
28.40927977001086,0,0.0,20,52,hibrit
17.40004852364968,30,0.0,18,53,statik
16.48425649608917,0,8.990759225420675,19,53,hibrit
1.1099497172406019,45,0.0,17,54,statik
1.0482858440605685,0,0.0,18,54,hibrit
2.222052401600262,0,0.0,20,55,statik
2.596287867751397,0,0.0,21,55,hibrit
0.9142968677234888,60,0.0,16,56,statik
0.1753030822487926,0,0.0,18,56,hibrit
4.477193607959795,45,0.0,17,57,statik
4.4759767063478995,0,0.0,18,57,hibrit
19.86211604368346,30,24.9049390575218,18,58,statik
19.86211604368346,0,24.9049390575218,18,58,hibrit
1.1598784901125905,30,0.0,18,59,statik
1.620230486637724,0,18.72528762723084,20,59,hibrit
1.9259298058210816,15,0.0,19,60,statik
4.417099812442485,0,0.0,20,60,hibrit
33.98560647322969,0,17.20800889899482,20,61,statik
33.98560647322969,0,17.20800889899482,20,61,hibrit
1.7834367017080828,75,0.0,15,62,statik
2.731200293185541,0,0.0,16,62,hibrit
1.7757249842038225,45,0.0,17,63,statik
1.7757249842038225,0,0.0,17,63,hibrit
7.229058031659697,15,12.470883342930676,19,64,statik
9.704005956280723,0,1.922502472441522,20,64,hibrit
0.31963295627089466,15,16.544723868876304,19,65,statik
1.6052726632698389,0,47.18619166821361,20,65,hibrit
1.4316127977425652,0,0.0,20,66,statik
1.4316127977425652,0,0.0,20,66,hibrit
0.5354647181206285,45,0.0,17,67,statik
0.7014426132126308,0,0.0,19,67,hibrit
1.7878487054002874,45,11.701453481193482,17,68,statik
3.032677342222863,0,35.46812891170856,19,68,hibrit
12.888033179157516,60,54.477207306033904,16,69,statik
20.754166998929204,0,50.080744280898955,18,69,hibrit
12.772899950550295,30,0.0,18,70,statik
22.455612969914462,0,0.0,20,70,hibrit
11.954382620830085,15,0.0,19,71,statik
11.954382620830085,0,0.0,19,71,hibrit
0.9520496151186464,45,0.0,17,72,statik
0.9520496151186464,0,0.0,17,72,hibrit
18.237463569346936,0,55.27339007102228,20,73,statik
18.237463569346936,0,55.27339007102228,20,73,hibrit
39.8742043133298,15,32.446796509416686,19,74,statik
39.8742043133298,0,32.446796509416686,19,74,hibrit
15.855826040993922,30,6.501576363746381,18,75,statik
21.50476588813652,0,0.0,20,75,hibrit
6.700945916291548,30,0.0,18,76,statik
6.952274498155805,0,0.0,19,76,hibrit
1.921004403475213,45,0.0,17,77,statik
1.9586189819391566,0,0.0,18,77,hibrit
5.6719669730951505,15,33.97533218492714,19,78,statik
5.6719669730951505,0,33.97533218492714,19,78,hibrit
1.6502702043338457,15,0.0,19,79,statik
2.6971330147587453,0,0.0,20,79,hibrit
16.258529162771215,15,0.0,19,80,statik
22.569518273978368,0,1.9023220489917207,20,80,hibrit
2.4351375899584635,60,0.0,16,81,statik
2.4351375899584635,0,0.0,16,81,hibrit
1.312861664815335,15,0.0,19,82,statik
1.2472185815745682,0,5.691337415383771,20,82,hibrit
6.504388263329399,30,0.0,18,83,statik
6.504388263329399,0,0.0,18,83,hibrit
5.453028866546951,60,0.0,16,84,statik
5.453028866546951,0,0.0,16,84,hibrit
2.920635093150201,30,36.62561366833819,18,85,statik
4.694581333949562,0,30.310643183830223,19,85,hibrit
3.285129507834682,15,3.214597301068409,19,86,statik
5.588476510453915,0,0.0,22,86,hibrit
18.060400246687532,15,20.355049262954537,19,87,statik
19.45035051209667,0,11.47226568781582,20,87,hibrit
1.971029758839732,60,0.0,16,88,statik
2.223848440839426,0,24.583354567991023,19,88,hibrit
12.542918883707463,45,0.0,17,89,statik
29.82596399934441,0,33.91110169276544,19,89,hibrit
6.29800879860446,30,0.0,18,90,statik
6.29800879860446,0,0.0,18,90,hibrit
2.4628175660459712,45,0.0,17,91,statik
2.311439713481774,0,9.394975438417077,19,91,hibrit
2.0823202753357193,30,0.0,18,92,statik
2.0823202753357193,0,0.0,18,92,hibrit
3.569446903185192,30,0.0,18,93,statik
4.863589140348708,0,0.0,19,93,hibrit
2.8929888087998696,30,0.0,18,94,statik
2.8929888087998696,0,0.0,18,94,hibrit
1.6074533012369694,45,2.7865599448610965,17,95,statik
2.278346842578456,0,15.835319010706314,18,95,hibrit
18.200392566661527,45,38.580226056267065,17,96,statik
22.38816109386184,0,54.50998828613666,18,96,hibrit
26.83261857081359,45,9.623040317618972,17,97,statik
29.765419778969445,0,12.623040317618972,18,97,hibrit
1.7280592611684762,30,0.0,18,98,statik
1.7280592611684762,0,0.0,18,98,hibrit
17.02557243280598,60,0.0,16,99,statik
15.967175495827519,0,0.0,18,99,hibrit
1.8794836572282303,60,0.0,16,100,statik
3.6536202235010258,0,0.0,17,100,hibrit
1.6460649856842848,0,10.410280207666403,20,101,statik
1.6460649856842848,0,10.410280207666403,20,101,hibrit
5.09848873089353,30,0.0,18,102,statik
5.09848873089353,0,0.0,18,102,hibrit
1.7877666668887864,30,0.0,18,103,statik
1.7877666668887864,0,0.0,18,103,hibrit
20.424717515502053,45,72.05392839436786,17,104,statik
20.424717515502053,0,72.05392839436786,17,104,hibrit
2.8490203991565908,15,23.337004559054662,19,105,statik
2.8490203991565908,0,23.337004559054662,19,105,hibrit
8.172591678990651,45,2.652941801098052,17,106,statik
9.676133636394818,0,0.0,19,106,hibrit
9.19656945940692,45,14.988050048210539,17,107,statik
9.832552632695473,0,2.988050048210539,18,107,hibrit
2.027058790992444,75,0.0,15,108,statik
2.525367616555416,0,0.0,16,108,hibrit
5.190030525849872,15,0.0,19,109,statik
8.66847993714547,0,0.0,20,109,hibrit
5.954071482636272,60,0.0,16,110,statik
11.126008051852109,0,0.0,17,110,hibrit
13.656674005962925,45,42.796391037536125,17,111,statik
17.49776939660588,0,49.51290768666587,18,111,hibrit
9.874943577055868,30,37.95522725498131,18,112,statik
9.874943577055868,0,37.95522725498131,18,112,hibrit
11.628787714059476,30,10.361494129687458,18,113,statik
11.628787714059476,0,10.361494129687458,18,113,hibrit
1.140327697934806,60,0.0,16,114,statik
1.49344874320978,0,0.0,17,114,hibrit
10.39092831586418,60,25.625347136382402,16,115,statik
8.934129422953498,0,74.53656034248803,17,115,hibrit
4.7669416818622965,30,0.0,18,116,statik
4.779207909132702,0,0.0,19,116,hibrit
6.59448290875455,0,0.0,20,117,statik
6.59448290875455,0,0.0,20,117,hibrit
9.561493962196222,15,23.6137549979116,19,118,statik
10.26410701398199,0,22.121221264396752,20,118,hibrit
5.282947709379961,15,0.0,19,119,statik
5.282947709379961,0,0.0,19,119,hibrit
2.629606195317562,45,11.744596333194977,17,120,statik
3.442883205671338,0,1.8248502373911606,18,120,hibrit
6.495551548717349,0,7.838656432773746,20,121,statik
7.035699400339082,0,60.0787788126666,21,121,hibrit
7.943235392485444,30,30.831171089521035,18,122,statik
7.943235392485444,0,30.831171089521035,18,122,hibrit
55.92892898109066,15,32.504096461414406,19,123,statik
59.75768735510685,0,36.81861008668466,20,123,hibrit
6.383283503395355,75,0.0,15,124,statik
6.997654304276816,0,0.0,16,124,hibrit
80.31964356216803,15,91.79628087522781,19,125,statik
80.31964356216803,0,91.79628087522781,19,125,hibrit
1.6794681673687313,45,0.0,17,126,statik
1.6794681673687313,0,0.0,17,126,hibrit
0.3364189909280826,30,0.9870484783835423,18,127,statik
1.2303433211650552,0,0.0,19,127,hibrit
7.983859238842255,15,17.544391904138877,19,128,statik
15.792075973935999,0,35.92570404069534,21,128,hibrit
14.133907575751776,60,0.0,16,129,statik
14.378844061304319,0,0.0,18,129,hibrit
19.84960557306498,45,0.0,17,130,statik
19.84960557306498,0,0.0,17,130,hibrit
0.946367232165907,75,24.12391218902195,15,131,statik
0.946367232165907,0,24.12391218902195,15,131,hibrit
27.67509394071775,0,1.1685330005222454,20,132,statik
27.67509394071775,0,1.1685330005222454,20,132,hibrit
16.967727023035465,45,12.046878666134035,17,133,statik
18.43847402701477,0,14.57959886367081,18,133,hibrit
1.554632601992461,15,0.0,19,134,statik
1.554632601992461,0,0.0,19,134,hibrit
5.327745526246807,30,0.0,18,135,statik
6.760589634863973,0,0.0,19,135,hibrit
10.087018016898648,15,10.364286601788706,19,136,statik
15.100881446143152,0,13.364286601788706,20,136,hibrit
13.314860164926909,0,0.4388100347119348,20,137,statik
13.314860164926909,0,0.4388100347119348,20,137,hibrit
2.6789173869122953,60,32.3225342803583,16,138,statik
4.433082575753689,0,20.322534280358298,17,138,hibrit
9.114950193606791,30,26.88310250211208,18,139,statik
10.981896929706823,0,58.9980436488367,19,139,hibrit
0.31390728667410467,45,0.0,17,140,statik
0.31390728667410467,0,0.0,17,140,hibrit
15.708136474126945,15,42.61219131528395,19,141,statik
15.708136474126945,0,42.61219131528395,19,141,hibrit
17.226413602904042,15,29.162306928439534,19,142,statik
17.226413602904042,0,29.162306928439534,19,142,hibrit
6.696599383288916,60,8.607142774863178,16,143,statik
10.559006478522294,0,44.88844961687215,18,143,hibrit
14.749607605894886,75,15.680492873526816,15,144,statik
14.749607605894886,0,15.680492873526816,15,144,hibrit
6.242232865596346,15,0.0,19,145,statik
6.242232865596346,0,0.0,19,145,hibrit
0.422354176702924,45,0.0,17,146,statik
1.089223059081136,0,49.86661978943124,18,146,hibrit
2.5205183851667488,30,8.804004545884482,18,147,statik
2.5205183851667488,0,8.804004545884482,18,147,hibrit
2.86218394590512,30,0.0,18,148,statik
2.974700580331166,0,0.0,19,148,hibrit
0.029378097572096824,30,12.947802687599903,18,149,statik
0.029378097572096824,0,12.947802687599903,18,149,hibrit
30.536219087982847,30,76.57643398202856,18,150,statik
30.536219087982847,0,76.57643398202856,18,150,hibrit
11.3059782126494,30,0.0,18,151,statik
11.3059782126494,0,0.0,18,151,hibrit
33.209656770861926,30,56.75772876516959,18,152,statik
39.760189572474175,0,58.6722408087993,20,152,hibrit
27.122629655164953,15,20.994360955462184,19,153,statik
38.39109976913748,0,42.88877074829088,21,153,hibrit
0.4522156795814759,0,21.943430631040542,20,154,statik
0.4522156795814759,0,21.943430631040542,20,154,hibrit
2.749732279095568,30,0.0,18,155,statik
2.749732279095568,0,0.0,18,155,hibrit
8.341854859687585,45,32.139422944653916,17,156,statik
7.941521735009828,0,20.918316018067003,19,156,hibrit
3.9753767684823877,60,0.0,16,157,statik
5.506236958571659,0,0.0,17,157,hibrit
3.7421665939352837,15,1.8233266367216174,19,158,statik
5.79176759164302,0,0.0,20,158,hibrit
19.40229560398007,15,95.16055684806662,19,159,statik
19.40229560398007,0,95.16055684806662,19,159,hibrit
18.025693790050667,15,36.91054867509786,19,160,statik
21.9024983172691,0,24.910548675097857,20,160,hibrit
17.609953081013693,0,4.09007088035446,20,161,statik
17.609953081013693,0,4.09007088035446,20,161,hibrit
8.708965266076897,45,47.00641615792176,17,162,statik
8.708965266076897,0,47.00641615792176,17,162,hibrit
2.819281723846985,30,0.489772984322542,18,163,statik
2.819281723846985,0,0.489772984322542,18,163,hibrit
19.794858542010214,30,0.0,18,164,statik
19.794858542010214,0,0.0,18,164,hibrit
5.638279230971773,15,1.0004075592262893,19,165,statik
5.638279230971773,0,1.0004075592262893,19,165,hibrit
28.359608514965043,0,43.67786406714691,20,166,statik
28.359608514965043,0,43.67786406714691,20,166,hibrit
13.09217700090665,30,0.0,18,167,statik
14.066611733937439,0,0.0,20,167,hibrit
9.251190033435343,30,14.364701032198923,18,168,statik
16.995598089863066,0,27.739759953483144,19,168,hibrit
6.334514884338286,45,0.0,17,169,statik
6.334514884338286,0,0.0,17,169,hibrit
3.4278786145208255,45,2.4583842741385524,17,170,statik
2.4068981513420447,0,0.0,19,170,hibrit
1.443843680298956,45,0.0,17,171,statik
2.0147838812716334,0,7.948069459828616,19,171,hibrit
15.380372052377087,15,7.298143986721129,19,172,statik
15.380372052377087,0,7.298143986721129,19,172,hibrit
9.011028370691896,30,23.989925064010606,18,173,statik
9.011028370691896,0,23.989925064010606,18,173,hibrit
1.769720774849973,30,0.0,18,174,statik
3.021586121316654,0,11.072832104757424,20,174,hibrit
58.81273152823375,45,48.0258018310393,17,175,statik
74.41366839422992,0,109.50982112352858,20,175,hibrit
9.051038971764552,15,10.229368973971873,19,176,statik
9.051038971764552,0,10.229368973971873,19,176,hibrit
0.4811333654970647,30,0.0,18,177,statik
0.4811333654970647,0,0.0,18,177,hibrit
3.3817989236901265,30,0.0,18,178,statik
4.256441085601173,0,0.0,19,178,hibrit
0.40893961073046015,60,0.0,16,179,statik
0.4808897825696745,0,28.281967895256514,18,179,hibrit
4.225697483720027,60,0.0,16,180,statik
4.225697483720027,0,0.0,16,180,hibrit
5.827841959255174,15,18.43710865881104,19,181,statik
7.730320774241276,0,10.617329918657504,20,181,hibrit
19.004560899053406,15,0.0,19,182,statik
19.736347845417377,0,0.0,20,182,hibrit
8.645176388204387,60,0.0,16,183,statik
12.91744134544299,0,0.0,18,183,hibrit
1.5939697929709968,45,0.0,17,184,statik
1.5939697929709968,0,0.0,17,184,hibrit
3.171646741343011,15,1.9126399695412033,19,185,statik
3.171646741343011,0,1.9126399695412033,19,185,hibrit
0.7558298862125926,45,0.0,17,186,statik
0.7558298862125926,0,0.0,17,186,hibrit
9.023291734691192,15,11.174348713851316,19,187,statik
9.630844583649198,0,22.567151057821548,20,187,hibrit
4.7378254648178535,30,91.77021969167845,18,188,statik
10.371109371494727,0,86.3618032015097,19,188,hibrit
18.79049356693469,30,29.580843219983194,18,189,statik
23.588333017210147,0,19.368350673195266,19,189,hibrit
2.6800276828201106,30,0.0,18,190,statik
2.6800276828201106,0,0.0,18,190,hibrit
4.13899051479913,15,0.0,19,191,statik
4.13899051479913,0,0.0,19,191,hibrit
1.0271554866412456,30,0.0,18,192,statik
1.0271554866412456,0,0.0,18,192,hibrit
1.026017030445928,45,18.608643916904157,17,193,statik
1.026017030445928,0,18.608643916904157,17,193,hibrit
8.738506909146226,60,60.251373937663175,16,194,statik
8.738506909146226,0,60.251373937663175,16,194,hibrit
6.164976334117656,30,53.52104310283511,18,195,statik
6.164976334117656,0,53.52104310283511,18,195,hibrit
55.905147698761105,15,9.816048717616013,19,196,statik
63.85069274970385,0,21.950467166670876,20,196,hibrit
1.4019515636473245,30,0.0,18,197,statik
1.4019515636473245,0,0.0,18,197,hibrit
2.579440331872856,45,12.431544383304981,17,198,statik
3.654264982346236,0,14.293288355273091,18,198,hibrit
8.534364024605813,60,0.0,16,199,statik
8.534364024605813,0,0.0,16,199,hibrit
11.027943885171837,90,0.0,14,200,statik
17.681321714688828,0,0.0,16,200,hibrit
2.8916757435165414,90,0.0,14,201,statik
2.60369023589419,0,22.281314114884935,16,201,hibrit
4.470957724155954,15,10.098832465483838,19,202,statik
4.470957724155954,0,10.098832465483838,19,202,hibrit
4.065329815120229,60,0.0,16,203,statik
3.9262607454107146,0,9.575598681351494,17,203,hibrit
1.0170601219628226,45,0.0,17,204,statik
1.0170601219628226,0,0.0,17,204,hibrit
0.9687788518742999,60,9.993880691788775,16,205,statik
3.6501792831177813,0,4.84491709482063,18,205,hibrit
4.548199078718931,15,0.0,19,206,statik
4.548199078718931,0,0.0,19,206,hibrit
23.199296428534762,15,0.0,19,207,statik
23.199296428534762,0,0.0,19,207,hibrit
0.08031950887802629,30,0.0,18,208,statik
0.1001741198146803,0,13.16356941499481,20,208,hibrit
7.692262775222429,45,0.0,17,209,statik
7.692262775222429,0,0.0,17,209,hibrit
4.330266380163577,45,8.132164757900398,17,210,statik
4.330266380163577,0,8.132164757900398,17,210,hibrit
0.8771700583466632,15,0.0,19,211,statik
0.8771700583466632,0,0.0,19,211,hibrit
28.779803651300085,15,0.0,19,212,statik
28.779803651300085,0,0.0,19,212,hibrit
2.1955959350137144,30,0.0,18,213,statik
2.1955959350137144,0,0.0,18,213,hibrit
26.074182770708116,30,0.0,18,214,statik
26.074182770708116,0,0.0,18,214,hibrit
15.919017924609797,15,0.3341004173916531,19,215,statik
15.919017924609797,0,0.3341004173916531,19,215,hibrit
0.689464753263524,45,9.069848964330163,17,216,statik
0.689464753263524,0,9.069848964330163,17,216,hibrit
0.3846615722685288,45,24.95318119046101,17,217,statik
0.3846615722685288,0,24.95318119046101,17,217,hibrit
28.296066775061885,45,0.0,17,218,statik
29.26015566201113,0,0.0,19,218,hibrit
17.42026329059793,15,28.569747821963688,19,219,statik
21.72773751716622,0,25.475701548141217,20,219,hibrit
1.1504176831828425,45,12.643537778711163,17,220,statik
1.1504176831828425,0,12.643537778711163,17,220,hibrit
3.9253393232625315,0,0.0,20,221,statik
5.740583419130112,0,0.0,21,221,hibrit
20.050239079753112,0,0.0,20,222,statik
19.5078658677497,0,0.0,21,222,hibrit
68.1035438339749,60,141.32740276700076,16,223,statik
82.90412348895958,0,134.2901186906733,18,223,hibrit
18.209061152045017,0,15.369925059759623,20,224,statik
22.12148324288857,0,12.286792577560277,21,224,hibrit
27.13257573425066,60,74.05231066714481,16,225,statik
27.13257573425066,0,74.05231066714481,16,225,hibrit
19.560139443093455,0,60.27371808365166,20,226,statik
19.560139443093455,0,60.27371808365166,20,226,hibrit
19.81750600869662,0,0.0,20,227,statik
19.81750600869662,0,0.0,20,227,hibrit
1.7939045060324441,45,23.182947631171487,17,228,statik
1.7939045060324441,0,23.182947631171487,17,228,hibrit
2.5199822966258276,30,11.771945498018738,18,229,statik
2.5199822966258276,0,11.771945498018738,18,229,hibrit
0.5159372116499865,15,0.0,19,230,statik
0.5159372116499865,0,0.0,19,230,hibrit
6.8063280246221005,30,2.9246704427420127,18,231,statik
6.602030257154728,0,0.0,19,231,hibrit
2.2490538295081173,60,0.0,16,232,statik
4.6581396225134295,0,0.0,17,232,hibrit
11.86167670190074,75,0.0,15,233,statik
13.20087225928128,0,0.0,16,233,hibrit
8.465596070590951,15,0.0,19,234,statik
10.426355536115702,0,0.0,20,234,hibrit
11.512644683735786,15,43.394105687485705,19,235,statik
11.512644683735786,0,43.394105687485705,19,235,hibrit
8.884160314280273,75,20.080024499970023,15,236,statik
10.208901825885881,0,33.28273049221508,16,236,hibrit
41.36530813561535,15,43.70752421926568,19,237,statik
50.98241893979787,0,47.386847279698486,20,237,hibrit
19.04979604372179,45,19.646260105371027,17,238,statik
29.291440701680198,0,38.86344802127519,19,238,hibrit
52.74552414073918,15,48.87335400095344,19,239,statik
56.051915633749886,0,60.30315903530612,20,239,hibrit
5.8954775659573535,15,0.0,19,240,statik
5.8954775659573535,0,0.0,19,240,hibrit
15.216706808382037,0,2.5828134971501413,20,241,statik
15.216706808382037,0,2.5828134971501413,20,241,hibrit
6.7463655427507865,30,0.0,18,242,statik
8.192096749028567,0,0.0,19,242,hibrit
12.257690779970655,30,0.0,18,243,statik
12.257690779970655,0,0.0,18,243,hibrit
11.734583662147203,15,5.6329734239541835,19,244,statik
11.734583662147203,0,5.6329734239541835,19,244,hibrit
1.0393868958393302,45,0.0,17,245,statik
0.9816431794038117,0,0.0,18,245,hibrit
1.0774969105807035,45,0.0,17,246,statik
1.0176359711039977,0,27.385995013702598,18,246,hibrit
7.096756603671308,45,3.742439688207469,17,247,statik
9.897590307501844,0,14.359408700892459,19,247,hibrit
8.160527103733733,45,90.95557518880133,17,248,statik
13.315807552904154,0,113.92031253830021,18,248,hibrit
0.04606851182547737,45,1.9192459190259115,17,249,statik
0.1501339233366126,0,0.0,18,249,hibrit
7.409232900898461,30,24.507387781289196,18,250,statik
9.80050618409047,0,31.10483488823604,19,250,hibrit
5.738777296223308,45,18.28961972030993,17,251,statik
12.729145121836414,0,34.56317358483335,18,251,hibrit
20.327122742750745,30,0.987680642344344,18,252,statik
20.327122742750745,0,0.987680642344344,18,252,hibrit
0.42562924639818633,30,0.0,18,253,statik
2.2624133595550346,0,0.0,20,253,hibrit
35.377538093440464,60,10.577729344551585,16,254,statik
35.377538093440464,0,10.577729344551585,16,254,hibrit
6.21462118035541,15,62.028896009768914,19,255,statik
6.21462118035541,0,62.028896009768914,19,255,hibrit
7.2158317462150485,15,30.463055345738894,19,256,statik
13.895391808403675,0,19.54938947157575,21,256,hibrit
3.362070121839544,60,0.0,16,257,statik
3.868822356359454,0,0.0,17,257,hibrit
8.321717749487442,60,31.30790701959461,16,258,statik
8.321717749487442,0,31.30790701959461,16,258,hibrit
1.6977196191759196,30,0.0,18,259,statik
1.6977196191759196,0,0.0,18,259,hibrit
2.010152762085504,30,0.0,18,260,statik
2.010152762085504,0,0.0,18,260,hibrit
44.27057079304424,30,48.55266167060847,18,261,statik
45.02225978660026,0,62.95121864144801,19,261,hibrit
7.069782431434688,30,41.78795900708059,18,262,statik
9.731932354584771,0,35.53445811532805,19,262,hibrit
12.652530658774758,30,70.54671255375746,18,263,statik
12.652530658774758,0,70.54671255375746,18,263,hibrit
22.21111948454945,30,96.40059598903093,18,264,statik
29.242824462155784,0,100.68524654606864,19,264,hibrit
6.077200665507096,45,17.76260353336096,17,265,statik
6.077200665507096,0,17.76260353336096,17,265,hibrit
3.105896595437732,30,18.23684138796176,18,266,statik
4.870844068912425,0,30.24204817584848,19,266,hibrit
18.129627518647766,0,20.209376172901727,20,267,statik
18.129627518647766,0,20.209376172901727,20,267,hibrit
7.234684994525875,30,0.24539336915279364,18,268,statik
11.372181375794813,0,0.0,20,268,hibrit
1.8804195808492774,0,14.971827853689774,20,269,statik
1.8804195808492774,0,14.971827853689774,20,269,hibrit
20.77099480860425,30,43.604040207541516,18,270,statik
20.77099480860425,0,43.604040207541516,18,270,hibrit
14.012218284212487,30,0.0,18,271,statik
15.110524197673302,0,0.0,19,271,hibrit
5.7470973123409,15,19.644482921250813,19,272,statik
5.7470973123409,0,19.644482921250813,19,272,hibrit
17.128750775732506,30,30.438340958614162,18,273,statik
17.128750775732506,0,30.438340958614162,18,273,hibrit
8.40001594967241,15,0.0,19,274,statik
10.466592552379115,0,18.998928680711344,21,274,hibrit
9.208491232491431,15,14.911629816669802,19,275,statik
16.196884013961906,0,27.533191717495527,22,275,hibrit
0.5204460693446383,15,7.541571901013981,19,276,statik
0.5204460693446383,0,7.541571901013981,19,276,hibrit
4.128925060506367,0,15.464408705776918,20,277,statik
4.128925060506367,0,15.464408705776918,20,277,hibrit
5.433372173302506,15,0.0,19,278,statik
10.633369976852176,0,0.0,20,278,hibrit
8.577134485374131,45,0.0,17,279,statik
8.577134485374131,0,0.0,17,279,hibrit
7.343743863117419,0,8.64109505562783,20,280,statik
7.343743863117419,0,8.64109505562783,20,280,hibrit
19.37156336962102,45,27.262720846384127,17,281,statik
19.37156336962102,0,27.262720846384127,17,281,hibrit
10.492386852327076,30,0.0,18,282,statik
11.869269216292825,0,1.2989060775132089,20,282,hibrit
1.0901388220212553,45,0.0,17,283,statik
1.436787378833269,0,2.0384839040933684,18,283,hibrit
14.614132762081988,0,0.0,20,284,statik
14.614132762081988,0,0.0,20,284,hibrit
16.82391846982654,45,9.258129763454008,17,285,statik
16.82391846982654,0,9.258129763454008,17,285,hibrit
1.013136257671037,30,0.0,18,286,statik
2.5410259130665707,0,0.0,19,286,hibrit
1.7096046879878823,15,0.0,19,287,statik
1.6241244535884882,0,40.240791894079734,20,287,hibrit
3.219385847735565,15,22.74513837168098,19,288,statik
3.219385847735565,0,22.74513837168098,19,288,hibrit
0.0696769102883713,30,0.0,18,289,statik
1.2865774464774709,0,0.0,20,289,hibrit
14.280171361084754,60,33.11243030194345,16,290,statik
14.280171361084754,0,33.11243030194345,16,290,hibrit
13.112404996479023,15,37.95770986456114,19,291,statik
13.112404996479023,0,37.95770986456114,19,291,hibrit
2.051505352424035,45,0.0,17,292,statik
3.0201123050115797,0,11.487262166449796,19,292,hibrit
15.928533097266715,30,4.285923103190726,18,293,statik
11.594268640873514,0,0.0,19,293,hibrit
34.898155388036635,15,32.74686465748988,19,294,statik
38.29059085150929,0,43.77895978066152,20,294,hibrit
8.15132438398107,0,0.0,20,295,statik
13.627748549677346,0,0.0,21,295,hibrit
8.003337698190492,45,0.08993344412573379,17,296,statik
10.065841464896497,0,0.0,18,296,hibrit
0.47275081988484274,45,0.0,17,297,statik
0.47275081988484274,0,0.0,17,297,hibrit
5.066512699720998,0,17.15734447929799,20,298,statik
5.066512699720998,0,17.15734447929799,20,298,hibrit
3.6369059697277777,30,24.19677602018828,18,299,statik
3.6369059697277777,0,24.19677602018828,18,299,hibrit
